{
    "phi": {
        "nelect": 48,
        "phi": 4.73414095269429,
        "scf_vbm": -1.6519,
        "scf_cbm": -1.6472,
        "Ef": -1.97822464,
        "scf_gap": 0.0,
        "avg_max": 2.7559163126942896,
        "scf_dir": false
    },
    "atoms": {
        "lattice_mat": [
            [
                3.353617811446221,
                0.0,
                0.0
            ],
            [
                0.0,
                6.273423021773385,
                0.0
            ],
            [
                0.0,
                0.0,
                33.313518
            ]
        ],
        "coords": [
            [
                0.0,
                0.6004615456553349,
                0.2002745956304112
            ],
            [
                0.5,
                0.9651745521229684,
                0.205389889617873
            ],
            [
                0.0,
                0.8600702878546368,
                0.2642586539633663
            ],
            [
                0.5,
                0.3508476059345406,
                0.2471701152668883
            ],
            [
                0.5,
                0.7055702442093444,
                0.1414059027438078
            ],
            [
                0.0,
                0.2147957642231673,
                0.1584938427776558
            ]
        ],
        "elements": [
            "Mo",
            "Mo",
            "Te",
            "Te",
            "Te",
            "Te"
        ],
        "abc": [
            3.35362,
            6.27342,
            33.31352
        ],
        "angles": [
            90.0,
            90.0,
            90.0
        ],
        "cartesian": false,
        "props": [
            "",
            "",
            "",
            "",
            "",
            ""
        ]
    },
    "jid": "JVASP-677"
}
