{
    "a": [
        5.000000000,
        0.000000000,
        0.000000000
    ],
    "b": [
        0.000000000,
        5.000000000,
        0.000000000
    ],
    "c": [
        0.000000000,
        0.000000000,
        5.000000000
    ]
}
