{
    "data": [
        [
            -123.45678,
            -12.345678,
            -1.2345678,
            -0.1234567,
            -0.0123456,
            -0.0012345,
            -0.0001234
        ]
    ],
    "tolerance": 0.001,
    "units": "rydberg"
}
