{
    "a": [
        5.0,
        0.000121312,
        0.000131415
    ],
    "alat": 1.0,
    "b": [
        0.000121312,
        5.0,
        0.000121314
    ],
    "c": [
        0.000121313,
        0.000121312,
        5.0
    ],
    "units": "angstrom"
}
