{
    "name": "lattice",
    "vectors": {
        "a": [
            5,
            0.000121312,
            0.000131415
        ],
        "alat": 1,
        "b": [
            0.000121312,
            5,
            0.000121314
        ],
        "c": [
            0.000121313,
            0.000121312,
            5
        ],
        "units": "angstrom"
    },
    "a": 5.14,
    "alpha": 90,
    "b": 5.14,
    "beta": 90,
    "c": 5.14,
    "gamma": 90,
    "type": "CUB",
    "units": {
        "angle": "degree",
        "length": "angstrom"
    }
}