{
    "c8zG3XcnnTybfP3QQ": {
        "Ge": 0.3125,
        "Si": 0.6875,
        "lattice_volume": 327.1127749111
    },
    "wWK2XCyivQrG8j34Z": {
        "Ge": 0.1875,
        "Si": 0.8125,
        "lattice_volume": 327.1127749111
    }
}
