{
    "name": "dielectric_tensor",
    "diagonalReal": {
        "frequencies": [
            0.000000000,
            0.060120240,
            0.120240481,
            0.180360721
        ],
        "components": [
            [20.137876673, 20.137876704, 20.137849785],
            [20.143821034, 20.143821066, 20.143794147],
            [20.161680126, 20.161680158, 20.161653237],
            [20.191532277, 20.191532311, 20.191505388]
        ]
    },
    "diagonalImaginary": {
        "frequencies": [
            0.000000000,
            0.060120240,
            0.120240481,
            0.180360721
        ],
        "components": [
            [0.000000000, 0.000000000, 0.000000000],
            [0.019862988, 0.019862988, 0.019862987],
            [0.039813564, 0.039813565, 0.039813563],
            [0.059940387, 0.059940389, 0.059940385]
        ]
    }
}
