{
    "name": "dielectric_tensor",
    "values": [
        {
            "part": "real",
            "spin": 0.5,
            "frequencies": [
                0.000000000,
                0.060120240,
                0.120240481,
                0.180360721
            ],
            "components": [
                [
                    0.000000000,
                    0.000000000,
                    0.000000000
                ],
                [
                    0.019862988,
                    0.019862988,
                    0.019862987
                ],
                [
                    0.039813564,
                    0.039813565,
                    0.039813563
                ],
                [
                    0.059940387,
                    0.059940389,
                    0.059940385
                ]
            ]
        },
        {
            "part": "imaginary",
            "spin": 0.5,
            "frequencies": [
                0.000000000,
                0.060120240,
                0.120240481,
                0.180360721
            ],
            "components": [
                [
                    0.000000000,
                    0.000000000,
                    0.000000000
                ],
                [
                    0.019862988,
                    0.019862988,
                    0.019862987
                ],
                [
                    0.039813564,
                    0.039813565,
                    0.039813563
                ],
                [
                    0.059940387,
                    0.059940389,
                    0.059940385
                ]
            ]
        },
        {
            "part": "real",
            "spin": -0.5,
            "frequencies": [
                0.000000000,
                0.060120240,
                0.120240481,
                0.180360721
            ],
            "components": [
                [
                    0.000000000,
                    0.000000000,
                    0.000000000
                ],
                [
                    0.019862988,
                    0.019862988,
                    0.019862987
                ],
                [
                    0.039813564,
                    0.039813565,
                    0.039813563
                ],
                [
                    0.059940387,
                    0.059940389,
                    0.059940385
                ]
            ]
        },
        {
            "part": "imaginary",
            "spin": -0.5,
            "frequencies": [
                0.000000000,
                0.060120240,
                0.120240481,
                0.180360721
            ],
            "components": [
                [
                    0.000000000,
                    0.000000000,
                    0.000000000
                ],
                [
                    0.019862988,
                    0.019862988,
                    0.019862987
                ],
                [
                    0.039813564,
                    0.039813565,
                    0.039813563
                ],
                [
                    0.059940387,
                    0.059940389,
                    0.059940385
                ]
            ]
        }
    ]
}
