{
    "a": [
        5.000000000,
        0.000121312,
        0.000131415
    ],
    "b": [
        0.000121312,
        5.000000000,
        0.000121314
    ],
    "c": [
        0.000121313,
        0.000121312,
        5.000000000
    ],
    "alat": 1.0,
    "units": "angstrom"
}
